S,B,oom,latency_s,memory_bytes,is_validation
32,1,False,0.0003964640051126,40175616,False
64,1,False,0.0004643360078334,43401216,False
128,1,False,0.0003449760079383,38830080,True
224,1,False,0.0003446879982948,41127936,False
256,1,False,0.0003435039967298,42172416,False
384,1,False,0.0004408160001039,47742976,False
512,1,False,0.0007101120054721,56328192,False
448,1,False,0.0005581919848918,51363840,False
496,1,False,0.000687695980072,54445056,False
400,1,False,0.0005103679895401,48595968,False
480,1,False,0.0006489279866218,53383168,False
32,2,False,0.0003541599959135,40212480,True
64,2,False,0.0003488320112228,43548672,False
128,2,False,0.0003742720037698,39944192,False
224,2,False,0.0004472959935665,44539904,False
256,2,False,0.0004347840100526,46628864,False
384,2,False,0.0007548960149288,57769984,True
512,2,False,0.002908064007759,291600384,True
448,2,False,0.0019145120382308,229029888,False
496,2,False,0.0024112160205841,260327424,False
400,2,False,0.0015444639921188,200140800,False
480,2,False,0.0025027359724044,259203072,False
32,4,False,0.0003697119951248,40286208,False
64,4,False,0.0003902239948511,43843584,False
128,4,False,0.0003186400085687,42172416,False
224,4,False,0.0005615680217742,51363840,False
256,4,False,0.0007268960177898,56328192,False
384,4,False,0.0018383520245552,185972736,False
512,4,False,0.0039714879989624,310474752,False
448,4,False,0.0032167360782623,243480576,False
496,4,False,0.0036114239692687,278040576,False
400,4,False,0.0020758239030838,211660800,False
480,4,False,0.0034327679872512,275972096,True
32,8,False,0.0004419520050287,40433664,False
64,8,False,0.0004047359973192,44433408,False
128,8,False,0.0004384959936141,46628864,False
224,8,False,0.0010442079901695,104429568,True
256,8,False,0.0013232960104942,124428288,True
384,8,False,0.0035116319656372,207206400,False
512,8,False,0.0064313919544219,348223488,False
448,8,False,0.0043521120548248,272381952,False
496,8,False,0.0060332000255584,313466880,False
400,8,False,0.0039091039896011,234700800,False
480,8,False,0.0057709600925445,308969472,True
32,16,False,0.000388815999031,40728576,True
64,16,False,0.0003993120044469,45613056,False
128,16,False,0.0007210399806499,56328192,False
224,16,False,0.0017303199768066,118880256,False
256,16,False,0.0026796320676803,143302656,True
384,16,False,0.0059547359943389,249673728,False
512,16,False,0.0113451042175292,423720960,False
448,16,False,0.0083473920822143,330184704,True
496,16,False,0.0107626080513,384319488,False
400,16,False,0.0067140798568725,281272320,False
480,16,False,0.0097934079170227,375324672,False
32,32,False,0.0003835839927196,42356736,True
64,32,False,0.0004216959923505,52125696,False
128,32,False,0.0013457919955253,73367552,False
224,32,False,0.0044450879096984,146898944,False
256,32,False,0.0063370399475097,180322304,True
384,32,False,0.0147694721221923,358580224,True
512,32,False,0.0267516965866088,608141312,False
448,32,False,0.0206920642852783,474447872,True
496,32,False,0.0253351526260375,573046784,False
400,32,False,0.0169801597595214,385875968,True
480,32,False,0.0242017917633056,540114944,False
32,64,False,0.000512127995491,45613056,False
64,64,False,0.0006262079775333,65937408,False
128,64,False,0.0032283200025558,109019136,False
224,64,False,0.0101673760414123,256081920,True
256,64,False,0.0134081439971923,322928640,False
384,64,False,0.0306170244216918,679444480,False
512,64,False,0.0539258403778076,1178566656,False
448,64,False,0.0413047351837158,911179776,False
496,64,False,0.0515345115661621,1108377600,False
400,64,False,0.03344868850708,734035968,False
480,64,False,0.0478367843627929,1040416768,False
32,128,False,0.0004887199997901,52125696,False
64,128,False,0.0011529600024223,91201536,False
128,128,False,0.0064783201217651,180322304,False
224,128,False,0.0202089281082153,474447872,False
256,128,False,0.0262105922698974,608141312,False
384,128,False,0.059066047668457,1321172992,False
512,128,False,0.104580753326416,2319417344,False
448,128,False,0.0807927207946777,1784643584,False
496,128,False,0.0988457412719726,2179039232,True
400,128,False,0.0642045745849609,1430355968,False
480,128,False,0.092955280303955,2044166144,False
32,256,False,0.0008117280006408,65937408,True
64,256,False,0.0028807040452957,143302656,False
128,256,False,0.0132322564125061,322928640,False
224,256,False,0.0402799358367919,911179776,False
256,256,False,0.0519362392425537,1178566656,False
384,256,False,0.118332592010498,2604630016,False
512,256,False,0.209597900390625,4601118720,False
448,256,False,0.1612282562255859,3531571200,False
496,256,False,0.1982974395751953,4320362496,False
400,256,False,0.1286753616333008,2822995968,False
480,256,False,0.1855615158081054,4048519168,False
32,242,False,0.0007913760244846,64634880,False
64,242,False,0.0027952480316162,141238272,True
128,242,False,0.0119364638328552,307331072,True
224,242,False,0.0409242248535156,863412224,False
256,242,False,0.0522106895446777,1116176384,False
384,242,False,0.1212287826538086,2464251904,False
512,242,False,0.1985320053100586,4351557632,False
448,242,False,0.1521474685668945,3340500992,True
496,242,False,0.1866651229858398,4086155264,False
400,242,False,0.1213567848205566,2670675968,False
480,242,False,0.1742337570190429,3829178368,False
32,76,False,0.000436064004898,47093760,True
64,76,False,0.0007365440130233,71073792,False
128,76,False,0.0038085119724273,122388480,False
224,76,False,0.0116571841239929,297025536,False
256,76,False,0.0157308478355407,376406016,False
384,76,False,0.0364933757781982,799768576,False
512,76,False,0.0633762397766113,1392476160,False
448,76,False,0.0505003204345703,1074954240,True
496,76,False,0.0605227355957031,1309126656,False
400,76,False,0.0404567852020263,864595968,False
480,76,False,0.0573482398986816,1228423168,False
32,124,False,0.0004826239943504,51978240,False
64,124,False,0.0011298559904098,91267072,False
128,124,False,0.0064028961658477,175865856,True
224,124,False,0.0198961915969848,460800000,False
256,124,False,0.0270767841339111,590315520,True
384,124,False,0.0602529602050781,1281064960,False
512,124,False,0.1044860496520996,2248114176,False
448,124,False,0.0812180480957031,1730052096,False
496,124,False,0.0996724815368652,2112122880,False
400,124,False,0.0647445907592773,1386835968,False
480,124,False,0.0903200149536132,1980448768,False
